{
    "0": 0.027719169855117798,
    "1": 0.029493197798728943,
    "2": 0.0302886962890625,
    "3": 0.03132970631122589,
    "4": 0.018734991550445557,
    "5": 0.04861930012702942,
    "6": 0.04242703318595886,
    "7": 0.04779033362865448,
    "8": 0.04586833715438843,
    "9": 0.04209737479686737,
    "10": 0.033782392740249634,
    "11": 0.036336883902549744,
    "12": 0.03424486517906189,
    "13": 0.025447577238082886,
    "14": 0.026124075055122375,
    "15": 0.02184385061264038,
    "16": 0.016458913683891296,
    "17": 0.014199122786521912,
    "18": 0.01062697172164917,
    "19": 0.008822217583656311,
    "20": 0.005997821688652039,
    "21": 0.004212185740470886,
    "22": 0.0034771710634231567,
    "23": 0.0027973204851150513
}