{
    "0": 0.14164461195468903,
    "1": 0.1160709410905838,
    "2": 0.10302165150642395,
    "3": 0.08267155289649963,
    "4": 0.07511679828166962,
    "5": 0.07054682075977325,
    "6": 0.06457222998142242,
    "7": 0.05152095854282379,
    "8": 0.05072219669818878,
    "9": 0.044947877526283264,
    "10": 0.04144574701786041,
    "11": 0.03638841211795807,
    "12": 0.03298915922641754,
    "13": 0.03474263846874237,
    "14": 0.03219178318977356,
    "15": 0.02871723473072052,
    "16": 0.027096226811408997,
    "17": 0.025141775608062744,
    "18": 0.025562912225723267,
    "19": 0.023451685905456543,
    "20": 0.022751063108444214,
    "21": 0.02212505042552948,
    "22": 0.01943114399909973,
    "23": 0.020558521151542664
}