{
    "0": 0.027719169855117798,
    "1": 0.029493197798728943,
    "2": 0.0302886962890625,
    "3": 0.03132970631122589,
    "4": 0.018734991550445557,
    "5": 0.04861930012702942,
    "6": 0.04242703318595886,
    "7": 0.04779033362865448,
    "8": 0.04586833715438843,
    "9": 0.04209737479686737,
    "10": 0.033782392740249634,
    "11": 0.036336883902549744,
    "12": 0.03424486517906189,
    "13": 0.025447577238082886,
    "14": 0.0,
    "15": 0.030504494905471802,
    "16": 0.0,
    "17": 0.02104605734348297,
    "18": 0.0,
    "19": 0.01284700632095337,
    "20": 0.0,
    "21": 0.007339000701904297,
    "22": 0.004663482308387756,
    "23": 0.0036052316427230835
}