{
    "0": 0.12511710822582245,
    "1": 0.107418954372406,
    "2": 0.10355623066425323,
    "3": 0.08650149405002594,
    "4": 0.07720947265625,
    "5": 0.07579605281352997,
    "6": 0.06442835927009583,
    "7": 0.05107371509075165,
    "8": 0.052054911851882935,
    "9": 0.047555118799209595,
    "10": 0.04285809397697449,
    "11": 0.04332275688648224,
    "12": 0.03783433139324188,
    "13": 0.03389076888561249,
    "14": 0.032116830348968506,
    "15": 0.029328256845474243,
    "16": 0.028931796550750732,
    "17": 0.02464643120765686,
    "18": 0.023038744926452637,
    "19": 0.024318307638168335,
    "20": 0.022218719124794006,
    "21": 0.023312002420425415,
    "22": 0.02054952085018158,
    "23": 0.018763050436973572
}